filepath,filename,label,label_index,plot_id,split
Images/N0 (1).JPG,N0 (1).JPG,N0,0,1,train
Images/N75 (1).JPG,N75 (1).JPG,N75,1,1,train
Images/NFull (1).JPG,NFull (1).JPG,NFull,2,1,train
Images/N0 (2).JPG,N0 (2).JPG,N0,0,2,train
Images/N75 (2).JPG,N75 (2).JPG,N75,1,2,train
Images/NFull (2).JPG,NFull (2).JPG,NFull,2,2,train
Images/N0 (4).JPG,N0 (4).JPG,N0,0,4,train
Images/N75 (4).JPG,N75 (4).JPG,N75,1,4,train
Images/NFull (4).JPG,NFull (4).JPG,NFull,2,4,train
Images/N0 (6).JPG,N0 (6).JPG,N0,0,6,train
Images/N75 (6).JPG,N75 (6).JPG,N75,1,6,train
Images/NFull (6).JPG,NFull (6).JPG,NFull,2,6,train
Images/N0 (7).JPG,N0 (7).JPG,N0,0,7,train
Images/N75 (7).JPG,N75 (7).JPG,N75,1,7,train
Images/NFull (7).JPG,NFull (7).JPG,NFull,2,7,train
Images/N0 (8).JPG,N0 (8).JPG,N0,0,8,train
Images/N75 (8).JPG,N75 (8).JPG,N75,1,8,train
Images/NFull (8).JPG,NFull (8).JPG,NFull,2,8,train
Images/N0 (9).JPG,N0 (9).JPG,N0,0,9,train
Images/N75 (9).JPG,N75 (9).JPG,N75,1,9,train
Images/NFull (9).JPG,NFull (9).JPG,NFull,2,9,train
Images/N0 (11).JPG,N0 (11).JPG,N0,0,11,train
Images/N75 (11).JPG,N75 (11).JPG,N75,1,11,train
Images/NFull (11).JPG,NFull (11).JPG,NFull,2,11,train
Images/N0 (13).JPG,N0 (13).JPG,N0,0,13,train
Images/N75 (13).JPG,N75 (13).JPG,N75,1,13,train
Images/NFull (13).JPG,NFull (13).JPG,NFull,2,13,train
Images/N0 (14).JPG,N0 (14).JPG,N0,0,14,train
Images/N75 (14).JPG,N75 (14).JPG,N75,1,14,train
Images/NFull (14).JPG,NFull (14).JPG,NFull,2,14,train
Images/N0 (15).JPG,N0 (15).JPG,N0,0,15,train
Images/N75 (15).JPG,N75 (15).JPG,N75,1,15,train
Images/NFull (15).JPG,NFull (15).JPG,NFull,2,15,train
Images/N0 (16).JPG,N0 (16).JPG,N0,0,16,train
Images/N75 (16).JPG,N75 (16).JPG,N75,1,16,train
Images/NFull (16).JPG,NFull (16).JPG,NFull,2,16,train
Images/N0 (18).JPG,N0 (18).JPG,N0,0,18,train
Images/N75 (18).JPG,N75 (18).JPG,N75,1,18,train
Images/NFull (18).JPG,NFull (18).JPG,NFull,2,18,train
Images/N0 (19).JPG,N0 (19).JPG,N0,0,19,train
Images/N75 (19).JPG,N75 (19).JPG,N75,1,19,train
Images/NFull (19).JPG,NFull (19).JPG,NFull,2,19,train
Images/N0 (22).JPG,N0 (22).JPG,N0,0,22,train
Images/N75 (22).JPG,N75 (22).JPG,N75,1,22,train
Images/NFull (22).JPG,NFull (22).JPG,NFull,2,22,train
Images/N0 (27).JPG,N0 (27).JPG,N0,0,27,train
Images/N75 (27).JPG,N75 (27).JPG,N75,1,27,train
Images/NFull (27).JPG,NFull (27).JPG,NFull,2,27,train
Images/N0 (28).JPG,N0 (28).JPG,N0,0,28,train
Images/N75 (28).JPG,N75 (28).JPG,N75,1,28,train
Images/NFull (28).JPG,NFull (28).JPG,NFull,2,28,train
Images/N0 (29).JPG,N0 (29).JPG,N0,0,29,train
Images/N75 (29).JPG,N75 (29).JPG,N75,1,29,train
Images/NFull (29).JPG,NFull (29).JPG,NFull,2,29,train
Images/N0 (30).JPG,N0 (30).JPG,N0,0,30,train
Images/N75 (30).JPG,N75 (30).JPG,N75,1,30,train
Images/NFull (30).JPG,NFull (30).JPG,NFull,2,30,train
Images/N0 (31).JPG,N0 (31).JPG,N0,0,31,train
Images/N75 (31).JPG,N75 (31).JPG,N75,1,31,train
Images/NFull (31).JPG,NFull (31).JPG,NFull,2,31,train
Images/N0 (32).JPG,N0 (32).JPG,N0,0,32,train
Images/N75 (32).JPG,N75 (32).JPG,N75,1,32,train
Images/NFull (32).JPG,NFull (32).JPG,NFull,2,32,train
Images/N0 (34).JPG,N0 (34).JPG,N0,0,34,train
Images/N75 (34).JPG,N75 (34).JPG,N75,1,34,train
Images/NFull (34).JPG,NFull (34).JPG,NFull,2,34,train
Images/N0 (35).JPG,N0 (35).JPG,N0,0,35,train
Images/N75 (35).JPG,N75 (35).JPG,N75,1,35,train
Images/NFull (35).JPG,NFull (35).JPG,NFull,2,35,train
Images/N0 (37).JPG,N0 (37).JPG,N0,0,37,train
Images/N75 (37).JPG,N75 (37).JPG,N75,1,37,train
Images/NFull (37).JPG,NFull (37).JPG,NFull,2,37,train
Images/N0 (38).JPG,N0 (38).JPG,N0,0,38,train
Images/N75 (38).JPG,N75 (38).JPG,N75,1,38,train
Images/NFull (38).JPG,NFull (38).JPG,NFull,2,38,train
Images/N0 (39).JPG,N0 (39).JPG,N0,0,39,train
Images/N75 (39).JPG,N75 (39).JPG,N75,1,39,train
Images/NFull (39).JPG,NFull (39).JPG,NFull,2,39,train
Images/N0 (41).JPG,N0 (41).JPG,N0,0,41,train
Images/N75 (41).JPG,N75 (41).JPG,N75,1,41,train
Images/NFull (41).JPG,NFull (41).JPG,NFull,2,41,train
Images/N0 (44).JPG,N0 (44).JPG,N0,0,44,train
Images/N75 (44).JPG,N75 (44).JPG,N75,1,44,train
Images/NFull (44).JPG,NFull (44).JPG,NFull,2,44,train
Images/N0 (47).JPG,N0 (47).JPG,N0,0,47,train
Images/N75 (47).JPG,N75 (47).JPG,N75,1,47,train
Images/NFull (47).JPG,NFull (47).JPG,NFull,2,47,train
Images/N0 (48).JPG,N0 (48).JPG,N0,0,48,train
Images/N75 (48).JPG,N75 (48).JPG,N75,1,48,train
Images/NFull (48).JPG,NFull (48).JPG,NFull,2,48,train
Images/N0 (51).JPG,N0 (51).JPG,N0,0,51,train
Images/N75 (51).JPG,N75 (51).JPG,N75,1,51,train
Images/NFull (51).JPG,NFull (51).JPG,NFull,2,51,train
Images/N0 (52).JPG,N0 (52).JPG,N0,0,52,train
Images/N75 (52).JPG,N75 (52).JPG,N75,1,52,train
Images/NFull (52).JPG,NFull (52).JPG,NFull,2,52,train
Images/N0 (53).JPG,N0 (53).JPG,N0,0,53,train
Images/N75 (53).JPG,N75 (53).JPG,N75,1,53,train
Images/NFull (53).JPG,NFull (53).JPG,NFull,2,53,train
Images/N0 (54).JPG,N0 (54).JPG,N0,0,54,train
Images/N75 (54).JPG,N75 (54).JPG,N75,1,54,train
Images/NFull (54).JPG,NFull (54).JPG,NFull,2,54,train
Images/N0 (55).JPG,N0 (55).JPG,N0,0,55,train
Images/N75 (55).JPG,N75 (55).JPG,N75,1,55,train
Images/NFull (55).JPG,NFull (55).JPG,NFull,2,55,train
Images/N0 (56).JPG,N0 (56).JPG,N0,0,56,train
Images/N75 (56).JPG,N75 (56).JPG,N75,1,56,train
Images/NFull (56).JPG,NFull (56).JPG,NFull,2,56,train
Images/N0 (58).JPG,N0 (58).JPG,N0,0,58,train
Images/N75 (58).JPG,N75 (58).JPG,N75,1,58,train
Images/NFull (58).JPG,NFull (58).JPG,NFull,2,58,train
Images/N0 (59).JPG,N0 (59).JPG,N0,0,59,train
Images/N75 (59).JPG,N75 (59).JPG,N75,1,59,train
Images/NFull (59).JPG,NFull (59).JPG,NFull,2,59,train
Images/N0 (60).JPG,N0 (60).JPG,N0,0,60,train
Images/N75 (60).JPG,N75 (60).JPG,N75,1,60,train
Images/NFull (60).JPG,NFull (60).JPG,NFull,2,60,train
Images/N0 (63).JPG,N0 (63).JPG,N0,0,63,train
Images/N75 (63).JPG,N75 (63).JPG,N75,1,63,train
Images/NFull (63).JPG,NFull (63).JPG,NFull,2,63,train
Images/N0 (64).JPG,N0 (64).JPG,N0,0,64,train
Images/N75 (64).JPG,N75 (64).JPG,N75,1,64,train
Images/NFull (64).JPG,NFull (64).JPG,NFull,2,64,train
Images/N0 (66).JPG,N0 (66).JPG,N0,0,66,train
Images/N75 (66).JPG,N75 (66).JPG,N75,1,66,train
Images/NFull (66).JPG,NFull (66).JPG,NFull,2,66,train
Images/N0 (69).JPG,N0 (69).JPG,N0,0,69,train
Images/N75 (69).JPG,N75 (69).JPG,N75,1,69,train
Images/NFull (69).JPG,NFull (69).JPG,NFull,2,69,train
Images/N0 (70).JPG,N0 (70).JPG,N0,0,70,train
Images/N75 (70).JPG,N75 (70).JPG,N75,1,70,train
Images/NFull (70).JPG,NFull (70).JPG,NFull,2,70,train
Images/N0 (71).JPG,N0 (71).JPG,N0,0,71,train
Images/N75 (71).JPG,N75 (71).JPG,N75,1,71,train
Images/NFull (71).JPG,NFull (71).JPG,NFull,2,71,train
Images/N0 (72).JPG,N0 (72).JPG,N0,0,72,train
Images/N75 (72).JPG,N75 (72).JPG,N75,1,72,train
Images/NFull (72).JPG,NFull (72).JPG,NFull,2,72,train
Images/N0 (73).JPG,N0 (73).JPG,N0,0,73,train
Images/N75 (73).JPG,N75 (73).JPG,N75,1,73,train
Images/NFull (73).JPG,NFull (73).JPG,NFull,2,73,train
Images/N0 (77).JPG,N0 (77).JPG,N0,0,77,train
Images/N75 (77).JPG,N75 (77).JPG,N75,1,77,train
Images/NFull (77).JPG,NFull (77).JPG,NFull,2,77,train
Images/N0 (78).JPG,N0 (78).JPG,N0,0,78,train
Images/N75 (78).JPG,N75 (78).JPG,N75,1,78,train
Images/NFull (78).JPG,NFull (78).JPG,NFull,2,78,train
Images/N0 (79).JPG,N0 (79).JPG,N0,0,79,train
Images/N75 (79).JPG,N75 (79).JPG,N75,1,79,train
Images/NFull (79).JPG,NFull (79).JPG,NFull,2,79,train
Images/N0 (80).JPG,N0 (80).JPG,N0,0,80,train
Images/N75 (80).JPG,N75 (80).JPG,N75,1,80,train
Images/NFull (80).JPG,NFull (80).JPG,NFull,2,80,train
Images/N0 (87).JPG,N0 (87).JPG,N0,0,87,train
Images/N75 (87).JPG,N75 (87).JPG,N75,1,87,train
Images/NFull (87).JPG,NFull (87).JPG,NFull,2,87,train
Images/N0 (88).JPG,N0 (88).JPG,N0,0,88,train
Images/N75 (88).JPG,N75 (88).JPG,N75,1,88,train
Images/NFull (88).JPG,NFull (88).JPG,NFull,2,88,train
Images/N0 (89).JPG,N0 (89).JPG,N0,0,89,train
Images/N75 (89).JPG,N75 (89).JPG,N75,1,89,train
Images/NFull (89).JPG,NFull (89).JPG,NFull,2,89,train
Images/N0 (90).JPG,N0 (90).JPG,N0,0,90,train
Images/N75 (90).JPG,N75 (90).JPG,N75,1,90,train
Images/NFull (90).JPG,NFull (90).JPG,NFull,2,90,train
Images/N0 (94).JPG,N0 (94).JPG,N0,0,94,train
Images/N75 (94).JPG,N75 (94).JPG,N75,1,94,train
Images/NFull (94).JPG,NFull (94).JPG,NFull,2,94,train
Images/N0 (95).JPG,N0 (95).JPG,N0,0,95,train
Images/N75 (95).JPG,N75 (95).JPG,N75,1,95,train
Images/NFull (95).JPG,NFull (95).JPG,NFull,2,95,train
Images/N0 (96).JPG,N0 (96).JPG,N0,0,96,train
Images/N75 (96).JPG,N75 (96).JPG,N75,1,96,train
Images/NFull (96).JPG,NFull (96).JPG,NFull,2,96,train
Images/N0 (97).JPG,N0 (97).JPG,N0,0,97,train
Images/N75 (97).JPG,N75 (97).JPG,N75,1,97,train
Images/NFull (97).JPG,NFull (97).JPG,NFull,2,97,train
Images/N0 (98).JPG,N0 (98).JPG,N0,0,98,train
Images/N75 (98).JPG,N75 (98).JPG,N75,1,98,train
Images/NFull (98).JPG,NFull (98).JPG,NFull,2,98,train
Images/N0 (99).JPG,N0 (99).JPG,N0,0,99,train
Images/N75 (99).JPG,N75 (99).JPG,N75,1,99,train
Images/NFull (99).JPG,NFull (99).JPG,NFull,2,99,train
Images/N0 (100).JPG,N0 (100).JPG,N0,0,100,train
Images/N75 (100).JPG,N75 (100).JPG,N75,1,100,train
Images/NFull (100).JPG,NFull (100).JPG,NFull,2,100,train
Images/N0 (102).JPG,N0 (102).JPG,N0,0,102,train
Images/N75 (102).JPG,N75 (102).JPG,N75,1,102,train
Images/NFull (102).JPG,NFull (102).JPG,NFull,2,102,train
Images/N0 (103).JPG,N0 (103).JPG,N0,0,103,train
Images/N75 (103).JPG,N75 (103).JPG,N75,1,103,train
Images/NFull (103).JPG,NFull (103).JPG,NFull,2,103,train
Images/N0 (104).JPG,N0 (104).JPG,N0,0,104,train
Images/N75 (104).JPG,N75 (104).JPG,N75,1,104,train
Images/NFull (104).JPG,NFull (104).JPG,NFull,2,104,train
Images/N0 (105).JPG,N0 (105).JPG,N0,0,105,train
Images/N75 (105).JPG,N75 (105).JPG,N75,1,105,train
Images/NFull (105).JPG,NFull (105).JPG,NFull,2,105,train
Images/N0 (106).JPG,N0 (106).JPG,N0,0,106,train
Images/N75 (106).JPG,N75 (106).JPG,N75,1,106,train
Images/NFull (106).JPG,NFull (106).JPG,NFull,2,106,train
Images/N0 (107).JPG,N0 (107).JPG,N0,0,107,train
Images/N75 (107).JPG,N75 (107).JPG,N75,1,107,train
Images/NFull (107).JPG,NFull (107).JPG,NFull,2,107,train
Images/N0 (108).JPG,N0 (108).JPG,N0,0,108,train
Images/N75 (108).JPG,N75 (108).JPG,N75,1,108,train
Images/NFull (108).JPG,NFull (108).JPG,NFull,2,108,train
Images/N0 (109).JPG,N0 (109).JPG,N0,0,109,train
Images/N75 (109).JPG,N75 (109).JPG,N75,1,109,train
Images/NFull (109).JPG,NFull (109).JPG,NFull,2,109,train
Images/N0 (110).JPG,N0 (110).JPG,N0,0,110,train
Images/N75 (110).JPG,N75 (110).JPG,N75,1,110,train
Images/NFull (110).JPG,NFull (110).JPG,NFull,2,110,train
Images/N0 (111).JPG,N0 (111).JPG,N0,0,111,train
Images/N75 (111).JPG,N75 (111).JPG,N75,1,111,train
Images/NFull (111).JPG,NFull (111).JPG,NFull,2,111,train
Images/N0 (112).JPG,N0 (112).JPG,N0,0,112,train
Images/N75 (112).JPG,N75 (112).JPG,N75,1,112,train
Images/NFull (112).JPG,NFull (112).JPG,NFull,2,112,train
Images/N0 (113).JPG,N0 (113).JPG,N0,0,113,train
Images/N75 (113).JPG,N75 (113).JPG,N75,1,113,train
Images/NFull (113).JPG,NFull (113).JPG,NFull,2,113,train
Images/N0 (114).JPG,N0 (114).JPG,N0,0,114,train
Images/N75 (114).JPG,N75 (114).JPG,N75,1,114,train
Images/NFull (114).JPG,NFull (114).JPG,NFull,2,114,train
Images/N0 (115).JPG,N0 (115).JPG,N0,0,115,train
Images/N75 (115).JPG,N75 (115).JPG,N75,1,115,train
Images/NFull (115).JPG,NFull (115).JPG,NFull,2,115,train
Images/N0 (117).JPG,N0 (117).JPG,N0,0,117,train
Images/N75 (117).JPG,N75 (117).JPG,N75,1,117,train
Images/NFull (117).JPG,NFull (117).JPG,NFull,2,117,train
Images/N0 (118).JPG,N0 (118).JPG,N0,0,118,train
Images/N75 (118).JPG,N75 (118).JPG,N75,1,118,train
Images/NFull (118).JPG,NFull (118).JPG,NFull,2,118,train
Images/N0 (120).JPG,N0 (120).JPG,N0,0,120,train
Images/N75 (120).JPG,N75 (120).JPG,N75,1,120,train
Images/NFull (120).JPG,NFull (120).JPG,NFull,2,120,train
Images/N0 (121).JPG,N0 (121).JPG,N0,0,121,train
Images/N75 (121).JPG,N75 (121).JPG,N75,1,121,train
Images/NFull (121).JPG,NFull (121).JPG,NFull,2,121,train
Images/N0 (122).JPG,N0 (122).JPG,N0,0,122,train
Images/N75 (122).JPG,N75 (122).JPG,N75,1,122,train
Images/NFull (122).JPG,NFull (122).JPG,NFull,2,122,train
Images/N0 (125).JPG,N0 (125).JPG,N0,0,125,train
Images/N75 (125).JPG,N75 (125).JPG,N75,1,125,train
Images/NFull (125).JPG,NFull (125).JPG,NFull,2,125,train
Images/N0 (126).JPG,N0 (126).JPG,N0,0,126,train
Images/N75 (126).JPG,N75 (126).JPG,N75,1,126,train
Images/NFull (126).JPG,NFull (126).JPG,NFull,2,126,train
Images/N0 (127).JPG,N0 (127).JPG,N0,0,127,train
Images/N75 (127).JPG,N75 (127).JPG,N75,1,127,train
Images/NFull (127).JPG,NFull (127).JPG,NFull,2,127,train
Images/N0 (128).JPG,N0 (128).JPG,N0,0,128,train
Images/N75 (128).JPG,N75 (128).JPG,N75,1,128,train
Images/NFull (128).JPG,NFull (128).JPG,NFull,2,128,train
Images/N0 (129).JPG,N0 (129).JPG,N0,0,129,train
Images/N75 (129).JPG,N75 (129).JPG,N75,1,129,train
Images/NFull (129).JPG,NFull (129).JPG,NFull,2,129,train
Images/N0 (130).JPG,N0 (130).JPG,N0,0,130,train
Images/N75 (130).JPG,N75 (130).JPG,N75,1,130,train
Images/NFull (130).JPG,NFull (130).JPG,NFull,2,130,train
Images/N0 (133).JPG,N0 (133).JPG,N0,0,133,train
Images/N75 (133).JPG,N75 (133).JPG,N75,1,133,train
Images/NFull (133).JPG,NFull (133).JPG,NFull,2,133,train
Images/N0 (134).JPG,N0 (134).JPG,N0,0,134,train
Images/N75 (134).JPG,N75 (134).JPG,N75,1,134,train
Images/NFull (134).JPG,NFull (134).JPG,NFull,2,134,train
Images/N0 (135).JPG,N0 (135).JPG,N0,0,135,train
Images/N75 (135).JPG,N75 (135).JPG,N75,1,135,train
Images/NFull (135).JPG,NFull (135).JPG,NFull,2,135,train
Images/N0 (136).JPG,N0 (136).JPG,N0,0,136,train
Images/N75 (136).JPG,N75 (136).JPG,N75,1,136,train
Images/NFull (136).JPG,NFull (136).JPG,NFull,2,136,train
Images/N0 (137).JPG,N0 (137).JPG,N0,0,137,train
Images/N75 (137).JPG,N75 (137).JPG,N75,1,137,train
Images/NFull (137).JPG,NFull (137).JPG,NFull,2,137,train
Images/N0 (138).JPG,N0 (138).JPG,N0,0,138,train
Images/N75 (138).JPG,N75 (138).JPG,N75,1,138,train
Images/NFull (138).JPG,NFull (138).JPG,NFull,2,138,train
Images/N0 (140).JPG,N0 (140).JPG,N0,0,140,train
Images/N75 (140).JPG,N75 (140).JPG,N75,1,140,train
Images/NFull (140).JPG,NFull (140).JPG,NFull,2,140,train
Images/N0 (141).JPG,N0 (141).JPG,N0,0,141,train
Images/N75 (141).JPG,N75 (141).JPG,N75,1,141,train
Images/NFull (141).JPG,NFull (141).JPG,NFull,2,141,train
Images/N0 (142).JPG,N0 (142).JPG,N0,0,142,train
Images/N75 (142).JPG,N75 (142).JPG,N75,1,142,train
Images/NFull (142).JPG,NFull (142).JPG,NFull,2,142,train
Images/N0 (143).JPG,N0 (143).JPG,N0,0,143,train
Images/N75 (143).JPG,N75 (143).JPG,N75,1,143,train
Images/NFull (143).JPG,NFull (143).JPG,NFull,2,143,train
Images/N0 (144).JPG,N0 (144).JPG,N0,0,144,train
Images/N75 (144).JPG,N75 (144).JPG,N75,1,144,train
Images/NFull (144).JPG,NFull (144).JPG,NFull,2,144,train
Images/N0 (145).JPG,N0 (145).JPG,N0,0,145,train
Images/N75 (145).JPG,N75 (145).JPG,N75,1,145,train
Images/NFull (145).JPG,NFull (145).JPG,NFull,2,145,train
Images/N0 (146).JPG,N0 (146).JPG,N0,0,146,train
Images/N75 (146).JPG,N75 (146).JPG,N75,1,146,train
Images/NFull (146).JPG,NFull (146).JPG,NFull,2,146,train
Images/N0 (147).JPG,N0 (147).JPG,N0,0,147,train
Images/N75 (147).JPG,N75 (147).JPG,N75,1,147,train
Images/NFull (147).JPG,NFull (147).JPG,NFull,2,147,train
Images/N0 (149).JPG,N0 (149).JPG,N0,0,149,train
Images/N75 (149).JPG,N75 (149).JPG,N75,1,149,train
Images/NFull (149).JPG,NFull (149).JPG,NFull,2,149,train
Images/N0 (150).JPG,N0 (150).JPG,N0,0,150,train
Images/N75 (150).JPG,N75 (150).JPG,N75,1,150,train
Images/NFull (150).JPG,NFull (150).JPG,NFull,2,150,train
Images/N0 (153).JPG,N0 (153).JPG,N0,0,153,train
Images/N75 (153).JPG,N75 (153).JPG,N75,1,153,train
Images/NFull (153).JPG,NFull (153).JPG,NFull,2,153,train
Images/N0 (154).JPG,N0 (154).JPG,N0,0,154,train
Images/N75 (154).JPG,N75 (154).JPG,N75,1,154,train
Images/NFull (154).JPG,NFull (154).JPG,NFull,2,154,train
Images/N0 (156).JPG,N0 (156).JPG,N0,0,156,train
Images/N75 (156).JPG,N75 (156).JPG,N75,1,156,train
Images/NFull (156).JPG,NFull (156).JPG,NFull,2,156,train
Images/N0 (157).JPG,N0 (157).JPG,N0,0,157,train
Images/N75 (157).JPG,N75 (157).JPG,N75,1,157,train
Images/NFull (157).JPG,NFull (157).JPG,NFull,2,157,train
Images/N0 (159).JPG,N0 (159).JPG,N0,0,159,train
Images/N75 (159).JPG,N75 (159).JPG,N75,1,159,train
Images/NFull (159).JPG,NFull (159).JPG,NFull,2,159,train
Images/N0 (160).JPG,N0 (160).JPG,N0,0,160,train
Images/N75 (160).JPG,N75 (160).JPG,N75,1,160,train
Images/NFull (160).JPG,NFull (160).JPG,NFull,2,160,train
Images/N0 (161).JPG,N0 (161).JPG,N0,0,161,train
Images/N75 (161).JPG,N75 (161).JPG,N75,1,161,train
Images/NFull (161).JPG,NFull (161).JPG,NFull,2,161,train
Images/N0 (162).JPG,N0 (162).JPG,N0,0,162,train
Images/N75 (162).JPG,N75 (162).JPG,N75,1,162,train
Images/NFull (162).JPG,NFull (162).JPG,NFull,2,162,train
Images/N0 (163).JPG,N0 (163).JPG,N0,0,163,train
Images/N75 (163).JPG,N75 (163).JPG,N75,1,163,train
Images/NFull (163).JPG,NFull (163).JPG,NFull,2,163,train
Images/N0 (164).JPG,N0 (164).JPG,N0,0,164,train
Images/N75 (164).JPG,N75 (164).JPG,N75,1,164,train
Images/NFull (164).JPG,NFull (164).JPG,NFull,2,164,train
Images/N0 (165).JPG,N0 (165).JPG,N0,0,165,train
Images/N75 (165).JPG,N75 (165).JPG,N75,1,165,train
Images/NFull (165).JPG,NFull (165).JPG,NFull,2,165,train
Images/N0 (166).JPG,N0 (166).JPG,N0,0,166,train
Images/N75 (166).JPG,N75 (166).JPG,N75,1,166,train
Images/NFull (166).JPG,NFull (166).JPG,NFull,2,166,train
Images/N0 (167).JPG,N0 (167).JPG,N0,0,167,train
Images/N75 (167).JPG,N75 (167).JPG,N75,1,167,train
Images/NFull (167).JPG,NFull (167).JPG,NFull,2,167,train
Images/N0 (168).JPG,N0 (168).JPG,N0,0,168,train
Images/N75 (168).JPG,N75 (168).JPG,N75,1,168,train
Images/NFull (168).JPG,NFull (168).JPG,NFull,2,168,train
Images/N0 (169).JPG,N0 (169).JPG,N0,0,169,train
Images/N75 (169).JPG,N75 (169).JPG,N75,1,169,train
Images/NFull (169).JPG,NFull (169).JPG,NFull,2,169,train
Images/N0 (170).JPG,N0 (170).JPG,N0,0,170,train
Images/N75 (170).JPG,N75 (170).JPG,N75,1,170,train
Images/NFull (170).JPG,NFull (170).JPG,NFull,2,170,train
Images/N0 (173).JPG,N0 (173).JPG,N0,0,173,train
Images/N75 (173).JPG,N75 (173).JPG,N75,1,173,train
Images/NFull (173).JPG,NFull (173).JPG,NFull,2,173,train
Images/N0 (176).JPG,N0 (176).JPG,N0,0,176,train
Images/N75 (176).JPG,N75 (176).JPG,N75,1,176,train
Images/NFull (176).JPG,NFull (176).JPG,NFull,2,176,train
Images/N0 (178).JPG,N0 (178).JPG,N0,0,178,train
Images/N75 (178).JPG,N75 (178).JPG,N75,1,178,train
Images/NFull (178).JPG,NFull (178).JPG,NFull,2,178,train
Images/N0 (179).JPG,N0 (179).JPG,N0,0,179,train
Images/N75 (179).JPG,N75 (179).JPG,N75,1,179,train
Images/NFull (179).JPG,NFull (179).JPG,NFull,2,179,train
Images/N0 (180).JPG,N0 (180).JPG,N0,0,180,train
Images/N75 (180).JPG,N75 (180).JPG,N75,1,180,train
Images/NFull (180).JPG,NFull (180).JPG,NFull,2,180,train
Images/N0 (181).JPG,N0 (181).JPG,N0,0,181,train
Images/N75 (181).JPG,N75 (181).JPG,N75,1,181,train
Images/NFull (181).JPG,NFull (181).JPG,NFull,2,181,train
Images/N0 (183).JPG,N0 (183).JPG,N0,0,183,train
Images/N75 (183).JPG,N75 (183).JPG,N75,1,183,train
Images/NFull (183).JPG,NFull (183).JPG,NFull,2,183,train
Images/N0 (184).JPG,N0 (184).JPG,N0,0,184,train
Images/N75 (184).JPG,N75 (184).JPG,N75,1,184,train
Images/NFull (184).JPG,NFull (184).JPG,NFull,2,184,train
Images/N0 (185).JPG,N0 (185).JPG,N0,0,185,train
Images/N75 (185).JPG,N75 (185).JPG,N75,1,185,train
Images/NFull (185).JPG,NFull (185).JPG,NFull,2,185,train
Images/N0 (186).JPG,N0 (186).JPG,N0,0,186,train
Images/N75 (186).JPG,N75 (186).JPG,N75,1,186,train
Images/NFull (186).JPG,NFull (186).JPG,NFull,2,186,train
Images/N0 (187).JPG,N0 (187).JPG,N0,0,187,train
Images/N75 (187).JPG,N75 (187).JPG,N75,1,187,train
Images/NFull (187).JPG,NFull (187).JPG,NFull,2,187,train
Images/N0 (188).JPG,N0 (188).JPG,N0,0,188,train
Images/N75 (188).JPG,N75 (188).JPG,N75,1,188,train
Images/NFull (188).JPG,NFull (188).JPG,NFull,2,188,train
Images/N0 (190).JPG,N0 (190).JPG,N0,0,190,train
Images/N75 (190).JPG,N75 (190).JPG,N75,1,190,train
Images/NFull (190).JPG,NFull (190).JPG,NFull,2,190,train
Images/N0 (191).JPG,N0 (191).JPG,N0,0,191,train
Images/N75 (191).JPG,N75 (191).JPG,N75,1,191,train
Images/NFull (191).JPG,NFull (191).JPG,NFull,2,191,train
Images/N0 (192).JPG,N0 (192).JPG,N0,0,192,train
Images/N75 (192).JPG,N75 (192).JPG,N75,1,192,train
Images/NFull (192).JPG,NFull (192).JPG,NFull,2,192,train
Images/N0 (193).JPG,N0 (193).JPG,N0,0,193,train
Images/N75 (193).JPG,N75 (193).JPG,N75,1,193,train
Images/NFull (193).JPG,NFull (193).JPG,NFull,2,193,train
Images/N0 (195).JPG,N0 (195).JPG,N0,0,195,train
Images/N75 (195).JPG,N75 (195).JPG,N75,1,195,train
Images/NFull (195).JPG,NFull (195).JPG,NFull,2,195,train
Images/N0 (196).JPG,N0 (196).JPG,N0,0,196,train
Images/N75 (196).JPG,N75 (196).JPG,N75,1,196,train
Images/NFull (196).JPG,NFull (196).JPG,NFull,2,196,train
Images/N0 (197).JPG,N0 (197).JPG,N0,0,197,train
Images/N75 (197).JPG,N75 (197).JPG,N75,1,197,train
Images/NFull (197).JPG,NFull (197).JPG,NFull,2,197,train
Images/N0 (199).JPG,N0 (199).JPG,N0,0,199,train
Images/N75 (199).JPG,N75 (199).JPG,N75,1,199,train
Images/NFull (199).JPG,NFull (199).JPG,NFull,2,199,train
Images/N0 (200).JPG,N0 (200).JPG,N0,0,200,train
Images/N75 (200).JPG,N75 (200).JPG,N75,1,200,train
Images/NFull (200).JPG,NFull (200).JPG,NFull,2,200,train
Images/N0 (201).JPG,N0 (201).JPG,N0,0,201,train
Images/N75 (201).JPG,N75 (201).JPG,N75,1,201,train
Images/NFull (201).JPG,NFull (201).JPG,NFull,2,201,train
Images/N0 (202).JPG,N0 (202).JPG,N0,0,202,train
Images/N75 (202).JPG,N75 (202).JPG,N75,1,202,train
Images/NFull (202).JPG,NFull (202).JPG,NFull,2,202,train
Images/N0 (206).JPG,N0 (206).JPG,N0,0,206,train
Images/N75 (206).JPG,N75 (206).JPG,N75,1,206,train
Images/NFull (206).JPG,NFull (206).JPG,NFull,2,206,train
Images/N0 (207).JPG,N0 (207).JPG,N0,0,207,train
Images/N75 (207).JPG,N75 (207).JPG,N75,1,207,train
Images/NFull (207).JPG,NFull (207).JPG,NFull,2,207,train
Images/N0 (208).JPG,N0 (208).JPG,N0,0,208,train
Images/N75 (208).JPG,N75 (208).JPG,N75,1,208,train
Images/NFull (208).JPG,NFull (208).JPG,NFull,2,208,train
Images/N0 (209).JPG,N0 (209).JPG,N0,0,209,train
Images/N75 (209).JPG,N75 (209).JPG,N75,1,209,train
Images/NFull (209).JPG,NFull (209).JPG,NFull,2,209,train
Images/N0 (210).JPG,N0 (210).JPG,N0,0,210,train
Images/N75 (210).JPG,N75 (210).JPG,N75,1,210,train
Images/NFull (210).JPG,NFull (210).JPG,NFull,2,210,train
Images/N0 (211).JPG,N0 (211).JPG,N0,0,211,train
Images/N75 (211).JPG,N75 (211).JPG,N75,1,211,train
Images/NFull (211).JPG,NFull (211).JPG,NFull,2,211,train
Images/N0 (212).JPG,N0 (212).JPG,N0,0,212,train
Images/N75 (212).JPG,N75 (212).JPG,N75,1,212,train
Images/NFull (212).JPG,NFull (212).JPG,NFull,2,212,train
Images/N0 (213).JPG,N0 (213).JPG,N0,0,213,train
Images/N75 (213).JPG,N75 (213).JPG,N75,1,213,train
Images/NFull (213).JPG,NFull (213).JPG,NFull,2,213,train
Images/N0 (215).JPG,N0 (215).JPG,N0,0,215,train
Images/N75 (215).JPG,N75 (215).JPG,N75,1,215,train
Images/NFull (215).JPG,NFull (215).JPG,NFull,2,215,train
Images/N0 (216).JPG,N0 (216).JPG,N0,0,216,train
Images/N75 (216).JPG,N75 (216).JPG,N75,1,216,train
Images/NFull (216).JPG,NFull (216).JPG,NFull,2,216,train
Images/N0 (218).JPG,N0 (218).JPG,N0,0,218,train
Images/N75 (218).JPG,N75 (218).JPG,N75,1,218,train
Images/NFull (218).JPG,NFull (218).JPG,NFull,2,218,train
Images/N0 (219).JPG,N0 (219).JPG,N0,0,219,train
Images/N75 (219).JPG,N75 (219).JPG,N75,1,219,train
Images/NFull (219).JPG,NFull (219).JPG,NFull,2,219,train
Images/N0 (220).JPG,N0 (220).JPG,N0,0,220,train
Images/N75 (220).JPG,N75 (220).JPG,N75,1,220,train
Images/NFull (220).JPG,NFull (220).JPG,NFull,2,220,train
Images/N0 (221).JPG,N0 (221).JPG,N0,0,221,train
Images/N75 (221).JPG,N75 (221).JPG,N75,1,221,train
Images/NFull (221).JPG,NFull (221).JPG,NFull,2,221,train
Images/N0 (223).JPG,N0 (223).JPG,N0,0,223,train
Images/N75 (223).JPG,N75 (223).JPG,N75,1,223,train
Images/NFull (223).JPG,NFull (223).JPG,NFull,2,223,train
Images/N0 (224).JPG,N0 (224).JPG,N0,0,224,train
Images/N75 (224).JPG,N75 (224).JPG,N75,1,224,train
Images/NFull (224).JPG,NFull (224).JPG,NFull,2,224,train
Images/N0 (225).JPG,N0 (225).JPG,N0,0,225,train
Images/N75 (225).JPG,N75 (225).JPG,N75,1,225,train
Images/NFull (225).JPG,NFull (225).JPG,NFull,2,225,train
Images/N0 (226).JPG,N0 (226).JPG,N0,0,226,train
Images/N75 (226).JPG,N75 (226).JPG,N75,1,226,train
Images/NFull (226).JPG,NFull (226).JPG,NFull,2,226,train
Images/N0 (228).JPG,N0 (228).JPG,N0,0,228,train
Images/N75 (228).JPG,N75 (228).JPG,N75,1,228,train
Images/NFull (228).JPG,NFull (228).JPG,NFull,2,228,train
Images/N0 (229).JPG,N0 (229).JPG,N0,0,229,train
Images/N75 (229).JPG,N75 (229).JPG,N75,1,229,train
Images/NFull (229).JPG,NFull (229).JPG,NFull,2,229,train
Images/N0 (230).JPG,N0 (230).JPG,N0,0,230,train
Images/N75 (230).JPG,N75 (230).JPG,N75,1,230,train
Images/NFull (230).JPG,NFull (230).JPG,NFull,2,230,train
Images/N0 (232).JPG,N0 (232).JPG,N0,0,232,train
Images/N75 (232).JPG,N75 (232).JPG,N75,1,232,train
Images/NFull (232).JPG,NFull (232).JPG,NFull,2,232,train
Images/N0 (234).JPG,N0 (234).JPG,N0,0,234,train
Images/N75 (234).JPG,N75 (234).JPG,N75,1,234,train
Images/NFull (234).JPG,NFull (234).JPG,NFull,2,234,train
Images/N0 (236).JPG,N0 (236).JPG,N0,0,236,train
Images/N75 (236).JPG,N75 (236).JPG,N75,1,236,train
Images/NFull (236).JPG,NFull (236).JPG,NFull,2,236,train
Images/N0 (238).JPG,N0 (238).JPG,N0,0,238,train
Images/N75 (238).JPG,N75 (238).JPG,N75,1,238,train
Images/NFull (238).JPG,NFull (238).JPG,NFull,2,238,train
Images/N0 (239).JPG,N0 (239).JPG,N0,0,239,train
Images/N75 (239).JPG,N75 (239).JPG,N75,1,239,train
Images/NFull (239).JPG,NFull (239).JPG,NFull,2,239,train
Images/N0 (240).JPG,N0 (240).JPG,N0,0,240,train
Images/N75 (240).JPG,N75 (240).JPG,N75,1,240,train
Images/NFull (240).JPG,NFull (240).JPG,NFull,2,240,train
Images/N0 (241).JPG,N0 (241).JPG,N0,0,241,train
Images/N75 (241).JPG,N75 (241).JPG,N75,1,241,train
Images/NFull (241).JPG,NFull (241).JPG,NFull,2,241,train
Images/N0 (243).JPG,N0 (243).JPG,N0,0,243,train
Images/N75 (243).JPG,N75 (243).JPG,N75,1,243,train
Images/NFull (243).JPG,NFull (243).JPG,NFull,2,243,train
Images/N0 (244).JPG,N0 (244).JPG,N0,0,244,train
Images/N75 (244).JPG,N75 (244).JPG,N75,1,244,train
Images/NFull (244).JPG,NFull (244).JPG,NFull,2,244,train
Images/N0 (249).JPG,N0 (249).JPG,N0,0,249,train
Images/N75 (249).JPG,N75 (249).JPG,N75,1,249,train
Images/NFull (249).JPG,NFull (249).JPG,NFull,2,249,train
Images/N0 (250).JPG,N0 (250).JPG,N0,0,250,train
Images/N75 (250).JPG,N75 (250).JPG,N75,1,250,train
Images/NFull (250).JPG,NFull (250).JPG,NFull,2,250,train
Images/N0 (251).JPG,N0 (251).JPG,N0,0,251,train
Images/N75 (251).JPG,N75 (251).JPG,N75,1,251,train
Images/NFull (251).JPG,NFull (251).JPG,NFull,2,251,train
Images/N0 (252).JPG,N0 (252).JPG,N0,0,252,train
Images/N75 (252).JPG,N75 (252).JPG,N75,1,252,train
Images/NFull (252).JPG,NFull (252).JPG,NFull,2,252,train
Images/N0 (253).JPG,N0 (253).JPG,N0,0,253,train
Images/N75 (253).JPG,N75 (253).JPG,N75,1,253,train
Images/NFull (253).JPG,NFull (253).JPG,NFull,2,253,train
Images/N0 (255).JPG,N0 (255).JPG,N0,0,255,train
Images/N75 (255).JPG,N75 (255).JPG,N75,1,255,train
Images/NFull (255).JPG,NFull (255).JPG,NFull,2,255,train
Images/N0 (257).JPG,N0 (257).JPG,N0,0,257,train
Images/N75 (257).JPG,N75 (257).JPG,N75,1,257,train
Images/NFull (257).JPG,NFull (257).JPG,NFull,2,257,train
Images/N0 (258).JPG,N0 (258).JPG,N0,0,258,train
Images/N75 (258).JPG,N75 (258).JPG,N75,1,258,train
Images/NFull (258).JPG,NFull (258).JPG,NFull,2,258,train
Images/N0 (259).JPG,N0 (259).JPG,N0,0,259,train
Images/N75 (259).JPG,N75 (259).JPG,N75,1,259,train
Images/NFull (259).JPG,NFull (259).JPG,NFull,2,259,train
Images/N0 (260).JPG,N0 (260).JPG,N0,0,260,train
Images/N75 (260).JPG,N75 (260).JPG,N75,1,260,train
Images/NFull (260).JPG,NFull (260).JPG,NFull,2,260,train
Images/N0 (262).JPG,N0 (262).JPG,N0,0,262,train
Images/N75 (262).JPG,N75 (262).JPG,N75,1,262,train
Images/NFull (262).JPG,NFull (262).JPG,NFull,2,262,train
Images/N0 (263).JPG,N0 (263).JPG,N0,0,263,train
Images/N75 (263).JPG,N75 (263).JPG,N75,1,263,train
Images/NFull (263).JPG,NFull (263).JPG,NFull,2,263,train
Images/N0 (264).JPG,N0 (264).JPG,N0,0,264,train
Images/N75 (264).JPG,N75 (264).JPG,N75,1,264,train
Images/NFull (264).JPG,NFull (264).JPG,NFull,2,264,train
Images/N0 (265).JPG,N0 (265).JPG,N0,0,265,train
Images/N75 (265).JPG,N75 (265).JPG,N75,1,265,train
Images/NFull (265).JPG,NFull (265).JPG,NFull,2,265,train
Images/N0 (268).JPG,N0 (268).JPG,N0,0,268,train
Images/N75 (268).JPG,N75 (268).JPG,N75,1,268,train
Images/NFull (268).JPG,NFull (268).JPG,NFull,2,268,train
Images/N0 (269).JPG,N0 (269).JPG,N0,0,269,train
Images/N75 (269).JPG,N75 (269).JPG,N75,1,269,train
Images/NFull (269).JPG,NFull (269).JPG,NFull,2,269,train
Images/N0 (270).JPG,N0 (270).JPG,N0,0,270,train
Images/N75 (270).JPG,N75 (270).JPG,N75,1,270,train
Images/NFull (270).JPG,NFull (270).JPG,NFull,2,270,train
Images/N0 (273).JPG,N0 (273).JPG,N0,0,273,train
Images/N75 (273).JPG,N75 (273).JPG,N75,1,273,train
Images/NFull (273).JPG,NFull (273).JPG,NFull,2,273,train
Images/N0 (274).JPG,N0 (274).JPG,N0,0,274,train
Images/N75 (274).JPG,N75 (274).JPG,N75,1,274,train
Images/NFull (274).JPG,NFull (274).JPG,NFull,2,274,train
Images/N0 (275).JPG,N0 (275).JPG,N0,0,275,train
Images/N75 (275).JPG,N75 (275).JPG,N75,1,275,train
Images/NFull (275).JPG,NFull (275).JPG,NFull,2,275,train
Images/N0 (276).JPG,N0 (276).JPG,N0,0,276,train
Images/N75 (276).JPG,N75 (276).JPG,N75,1,276,train
Images/NFull (276).JPG,NFull (276).JPG,NFull,2,276,train
Images/N0 (277).JPG,N0 (277).JPG,N0,0,277,train
Images/N75 (277).JPG,N75 (277).JPG,N75,1,277,train
Images/NFull (277).JPG,NFull (277).JPG,NFull,2,277,train
Images/N0 (278).JPG,N0 (278).JPG,N0,0,278,train
Images/N75 (278).JPG,N75 (278).JPG,N75,1,278,train
Images/NFull (278).JPG,NFull (278).JPG,NFull,2,278,train
Images/N0 (279).JPG,N0 (279).JPG,N0,0,279,train
Images/N75 (279).JPG,N75 (279).JPG,N75,1,279,train
Images/NFull (279).JPG,NFull (279).JPG,NFull,2,279,train
Images/N0 (282).JPG,N0 (282).JPG,N0,0,282,train
Images/N75 (282).JPG,N75 (282).JPG,N75,1,282,train
Images/NFull (282).JPG,NFull (282).JPG,NFull,2,282,train
Images/N0 (284).JPG,N0 (284).JPG,N0,0,284,train
Images/N75 (284).JPG,N75 (284).JPG,N75,1,284,train
Images/NFull (284).JPG,NFull (284).JPG,NFull,2,284,train
Images/N0 (285).JPG,N0 (285).JPG,N0,0,285,train
Images/N75 (285).JPG,N75 (285).JPG,N75,1,285,train
Images/NFull (285).JPG,NFull (285).JPG,NFull,2,285,train
Images/N0 (286).JPG,N0 (286).JPG,N0,0,286,train
Images/N75 (286).JPG,N75 (286).JPG,N75,1,286,train
Images/NFull (286).JPG,NFull (286).JPG,NFull,2,286,train
Images/N0 (287).JPG,N0 (287).JPG,N0,0,287,train
Images/N75 (287).JPG,N75 (287).JPG,N75,1,287,train
Images/NFull (287).JPG,NFull (287).JPG,NFull,2,287,train
Images/N0 (288).JPG,N0 (288).JPG,N0,0,288,train
Images/N75 (288).JPG,N75 (288).JPG,N75,1,288,train
Images/NFull (288).JPG,NFull (288).JPG,NFull,2,288,train
Images/N0 (290).JPG,N0 (290).JPG,N0,0,290,train
Images/N75 (290).JPG,N75 (290).JPG,N75,1,290,train
Images/NFull (290).JPG,NFull (290).JPG,NFull,2,290,train
Images/N0 (291).JPG,N0 (291).JPG,N0,0,291,train
Images/N75 (291).JPG,N75 (291).JPG,N75,1,291,train
Images/NFull (291).JPG,NFull (291).JPG,NFull,2,291,train
Images/N0 (292).JPG,N0 (292).JPG,N0,0,292,train
Images/N75 (292).JPG,N75 (292).JPG,N75,1,292,train
Images/NFull (292).JPG,NFull (292).JPG,NFull,2,292,train
Images/N0 (293).JPG,N0 (293).JPG,N0,0,293,train
Images/N75 (293).JPG,N75 (293).JPG,N75,1,293,train
Images/NFull (293).JPG,NFull (293).JPG,NFull,2,293,train
Images/N0 (294).JPG,N0 (294).JPG,N0,0,294,train
Images/N75 (294).JPG,N75 (294).JPG,N75,1,294,train
Images/NFull (294).JPG,NFull (294).JPG,NFull,2,294,train
Images/N0 (295).JPG,N0 (295).JPG,N0,0,295,train
Images/N75 (295).JPG,N75 (295).JPG,N75,1,295,train
Images/NFull (295).JPG,NFull (295).JPG,NFull,2,295,train
Images/N0 (298).JPG,N0 (298).JPG,N0,0,298,train
Images/N75 (298).JPG,N75 (298).JPG,N75,1,298,train
Images/NFull (298).JPG,NFull (298).JPG,NFull,2,298,train
Images/N0 (299).JPG,N0 (299).JPG,N0,0,299,train
Images/N75 (299).JPG,N75 (299).JPG,N75,1,299,train
Images/NFull (299).JPG,NFull (299).JPG,NFull,2,299,train
Images/N0 (300).JPG,N0 (300).JPG,N0,0,300,train
Images/N75 (300).JPG,N75 (300).JPG,N75,1,300,train
Images/NFull (300).JPG,NFull (300).JPG,NFull,2,300,train
Images/N0 (301).JPG,N0 (301).JPG,N0,0,301,train
Images/N75 (301).JPG,N75 (301).JPG,N75,1,301,train
Images/NFull (301).JPG,NFull (301).JPG,NFull,2,301,train
Images/N0 (302).JPG,N0 (302).JPG,N0,0,302,train
Images/N75 (302).JPG,N75 (302).JPG,N75,1,302,train
Images/NFull (302).JPG,NFull (302).JPG,NFull,2,302,train
Images/N0 (305).JPG,N0 (305).JPG,N0,0,305,train
Images/N75 (305).JPG,N75 (305).JPG,N75,1,305,train
Images/NFull (305).JPG,NFull (305).JPG,NFull,2,305,train
Images/N0 (306).JPG,N0 (306).JPG,N0,0,306,train
Images/N75 (306).JPG,N75 (306).JPG,N75,1,306,train
Images/NFull (306).JPG,NFull (306).JPG,NFull,2,306,train
Images/N0 (307).JPG,N0 (307).JPG,N0,0,307,train
Images/N75 (307).JPG,N75 (307).JPG,N75,1,307,train
Images/NFull (307).JPG,NFull (307).JPG,NFull,2,307,train
Images/N0 (308).JPG,N0 (308).JPG,N0,0,308,train
Images/N75 (308).JPG,N75 (308).JPG,N75,1,308,train
Images/NFull (308).JPG,NFull (308).JPG,NFull,2,308,train
Images/N0 (309).JPG,N0 (309).JPG,N0,0,309,train
Images/N75 (309).JPG,N75 (309).JPG,N75,1,309,train
Images/NFull (309).JPG,NFull (309).JPG,NFull,2,309,train
Images/N0 (310).JPG,N0 (310).JPG,N0,0,310,train
Images/N75 (310).JPG,N75 (310).JPG,N75,1,310,train
Images/NFull (310).JPG,NFull (310).JPG,NFull,2,310,train
Images/N0 (313).JPG,N0 (313).JPG,N0,0,313,train
Images/N75 (313).JPG,N75 (313).JPG,N75,1,313,train
Images/NFull (313).JPG,NFull (313).JPG,NFull,2,313,train
Images/N0 (318).JPG,N0 (318).JPG,N0,0,318,train
Images/N75 (318).JPG,N75 (318).JPG,N75,1,318,train
Images/NFull (318).JPG,NFull (318).JPG,NFull,2,318,train
Images/N0 (319).JPG,N0 (319).JPG,N0,0,319,train
Images/N75 (319).JPG,N75 (319).JPG,N75,1,319,train
Images/NFull (319).JPG,NFull (319).JPG,NFull,2,319,train
Images/N0 (320).JPG,N0 (320).JPG,N0,0,320,train
Images/N75 (320).JPG,N75 (320).JPG,N75,1,320,train
Images/NFull (320).JPG,NFull (320).JPG,NFull,2,320,train
Images/N0 (321).JPG,N0 (321).JPG,N0,0,321,train
Images/N75 (321).JPG,N75 (321).JPG,N75,1,321,train
Images/NFull (321).JPG,NFull (321).JPG,NFull,2,321,train
Images/N0 (323).JPG,N0 (323).JPG,N0,0,323,train
Images/N75 (323).JPG,N75 (323).JPG,N75,1,323,train
Images/NFull (323).JPG,NFull (323).JPG,NFull,2,323,train
Images/N0 (325).JPG,N0 (325).JPG,N0,0,325,train
Images/N75 (325).JPG,N75 (325).JPG,N75,1,325,train
Images/NFull (325).JPG,NFull (325).JPG,NFull,2,325,train
Images/N0 (326).JPG,N0 (326).JPG,N0,0,326,train
Images/N75 (326).JPG,N75 (326).JPG,N75,1,326,train
Images/NFull (326).JPG,NFull (326).JPG,NFull,2,326,train
Images/N0 (327).JPG,N0 (327).JPG,N0,0,327,train
Images/N75 (327).JPG,N75 (327).JPG,N75,1,327,train
Images/NFull (327).JPG,NFull (327).JPG,NFull,2,327,train
Images/N0 (328).JPG,N0 (328).JPG,N0,0,328,train
Images/N75 (328).JPG,N75 (328).JPG,N75,1,328,train
Images/NFull (328).JPG,NFull (328).JPG,NFull,2,328,train
Images/N0 (329).JPG,N0 (329).JPG,N0,0,329,train
Images/N75 (329).JPG,N75 (329).JPG,N75,1,329,train
Images/NFull (329).JPG,NFull (329).JPG,NFull,2,329,train
Images/N0 (332).JPG,N0 (332).JPG,N0,0,332,train
Images/N75 (332).JPG,N75 (332).JPG,N75,1,332,train
Images/NFull (332).JPG,NFull (332).JPG,NFull,2,332,train
Images/N0 (333).JPG,N0 (333).JPG,N0,0,333,train
Images/N75 (333).JPG,N75 (333).JPG,N75,1,333,train
Images/NFull (333).JPG,NFull (333).JPG,NFull,2,333,train
Images/N0 (334).JPG,N0 (334).JPG,N0,0,334,train
Images/N75 (334).JPG,N75 (334).JPG,N75,1,334,train
Images/NFull (334).JPG,NFull (334).JPG,NFull,2,334,train
Images/N0 (335).JPG,N0 (335).JPG,N0,0,335,train
Images/N75 (335).JPG,N75 (335).JPG,N75,1,335,train
Images/NFull (335).JPG,NFull (335).JPG,NFull,2,335,train
Images/N0 (336).JPG,N0 (336).JPG,N0,0,336,train
Images/N75 (336).JPG,N75 (336).JPG,N75,1,336,train
Images/NFull (336).JPG,NFull (336).JPG,NFull,2,336,train
Images/N0 (337).JPG,N0 (337).JPG,N0,0,337,train
Images/N75 (337).JPG,N75 (337).JPG,N75,1,337,train
Images/NFull (337).JPG,NFull (337).JPG,NFull,2,337,train
Images/N0 (338).JPG,N0 (338).JPG,N0,0,338,train
Images/N75 (338).JPG,N75 (338).JPG,N75,1,338,train
Images/NFull (338).JPG,NFull (338).JPG,NFull,2,338,train
Images/N0 (341).JPG,N0 (341).JPG,N0,0,341,train
Images/N75 (341).JPG,N75 (341).JPG,N75,1,341,train
Images/NFull (341).JPG,NFull (341).JPG,NFull,2,341,train
Images/N0 (342).JPG,N0 (342).JPG,N0,0,342,train
Images/N75 (342).JPG,N75 (342).JPG,N75,1,342,train
Images/NFull (342).JPG,NFull (342).JPG,NFull,2,342,train
Images/N0 (345).JPG,N0 (345).JPG,N0,0,345,train
Images/N75 (345).JPG,N75 (345).JPG,N75,1,345,train
Images/NFull (345).JPG,NFull (345).JPG,NFull,2,345,train
Images/N0 (346).JPG,N0 (346).JPG,N0,0,346,train
Images/N75 (346).JPG,N75 (346).JPG,N75,1,346,train
Images/NFull (346).JPG,NFull (346).JPG,NFull,2,346,train
Images/N0 (348).JPG,N0 (348).JPG,N0,0,348,train
Images/N75 (348).JPG,N75 (348).JPG,N75,1,348,train
Images/NFull (348).JPG,NFull (348).JPG,NFull,2,348,train
Images/N0 (351).JPG,N0 (351).JPG,N0,0,351,train
Images/N75 (351).JPG,N75 (351).JPG,N75,1,351,train
Images/NFull (351).JPG,NFull (351).JPG,NFull,2,351,train
Images/N0 (352).JPG,N0 (352).JPG,N0,0,352,train
Images/N75 (352).JPG,N75 (352).JPG,N75,1,352,train
Images/NFull (352).JPG,NFull (352).JPG,NFull,2,352,train
Images/N0 (353).JPG,N0 (353).JPG,N0,0,353,train
Images/N75 (353).JPG,N75 (353).JPG,N75,1,353,train
Images/NFull (353).JPG,NFull (353).JPG,NFull,2,353,train
Images/N0 (354).JPG,N0 (354).JPG,N0,0,354,train
Images/N75 (354).JPG,N75 (354).JPG,N75,1,354,train
Images/NFull (354).JPG,NFull (354).JPG,NFull,2,354,train
Images/N0 (356).JPG,N0 (356).JPG,N0,0,356,train
Images/N75 (356).JPG,N75 (356).JPG,N75,1,356,train
Images/NFull (356).JPG,NFull (356).JPG,NFull,2,356,train
Images/N0 (357).JPG,N0 (357).JPG,N0,0,357,train
Images/N75 (357).JPG,N75 (357).JPG,N75,1,357,train
Images/NFull (357).JPG,NFull (357).JPG,NFull,2,357,train
Images/N0 (358).JPG,N0 (358).JPG,N0,0,358,train
Images/N75 (358).JPG,N75 (358).JPG,N75,1,358,train
Images/NFull (358).JPG,NFull (358).JPG,NFull,2,358,train
Images/N0 (361).JPG,N0 (361).JPG,N0,0,361,train
Images/N75 (361).JPG,N75 (361).JPG,N75,1,361,train
Images/NFull (361).JPG,NFull (361).JPG,NFull,2,361,train
Images/N0 (363).JPG,N0 (363).JPG,N0,0,363,train
Images/N75 (363).JPG,N75 (363).JPG,N75,1,363,train
Images/NFull (363).JPG,NFull (363).JPG,NFull,2,363,train
Images/N0 (364).JPG,N0 (364).JPG,N0,0,364,train
Images/N75 (364).JPG,N75 (364).JPG,N75,1,364,train
Images/NFull (364).JPG,NFull (364).JPG,NFull,2,364,train
Images/N0 (365).JPG,N0 (365).JPG,N0,0,365,train
Images/N75 (365).JPG,N75 (365).JPG,N75,1,365,train
Images/NFull (365).JPG,NFull (365).JPG,NFull,2,365,train
Images/N0 (366).JPG,N0 (366).JPG,N0,0,366,train
Images/N75 (366).JPG,N75 (366).JPG,N75,1,366,train
Images/NFull (366).JPG,NFull (366).JPG,NFull,2,366,train
Images/N0 (368).JPG,N0 (368).JPG,N0,0,368,train
Images/N75 (368).JPG,N75 (368).JPG,N75,1,368,train
Images/NFull (368).JPG,NFull (368).JPG,NFull,2,368,train
Images/N0 (369).JPG,N0 (369).JPG,N0,0,369,train
Images/N75 (369).JPG,N75 (369).JPG,N75,1,369,train
Images/NFull (369).JPG,NFull (369).JPG,NFull,2,369,train
Images/N0 (370).JPG,N0 (370).JPG,N0,0,370,train
Images/N75 (370).JPG,N75 (370).JPG,N75,1,370,train
Images/NFull (370).JPG,NFull (370).JPG,NFull,2,370,train
Images/N0 (371).JPG,N0 (371).JPG,N0,0,371,train
Images/N75 (371).JPG,N75 (371).JPG,N75,1,371,train
Images/NFull (371).JPG,NFull (371).JPG,NFull,2,371,train
Images/N0 (372).JPG,N0 (372).JPG,N0,0,372,train
Images/N75 (372).JPG,N75 (372).JPG,N75,1,372,train
Images/NFull (372).JPG,NFull (372).JPG,NFull,2,372,train
Images/N0 (373).JPG,N0 (373).JPG,N0,0,373,train
Images/N75 (373).JPG,N75 (373).JPG,N75,1,373,train
Images/NFull (373).JPG,NFull (373).JPG,NFull,2,373,train
Images/N0 (375).JPG,N0 (375).JPG,N0,0,375,train
Images/N75 (375).JPG,N75 (375).JPG,N75,1,375,train
Images/NFull (375).JPG,NFull (375).JPG,NFull,2,375,train
Images/N0 (376).JPG,N0 (376).JPG,N0,0,376,train
Images/N75 (376).JPG,N75 (376).JPG,N75,1,376,train
Images/NFull (376).JPG,NFull (376).JPG,NFull,2,376,train
Images/N0 (377).JPG,N0 (377).JPG,N0,0,377,train
Images/N75 (377).JPG,N75 (377).JPG,N75,1,377,train
Images/NFull (377).JPG,NFull (377).JPG,NFull,2,377,train
Images/N0 (380).JPG,N0 (380).JPG,N0,0,380,train
Images/N75 (380).JPG,N75 (380).JPG,N75,1,380,train
Images/NFull (380).JPG,NFull (380).JPG,NFull,2,380,train
Images/N0 (381).JPG,N0 (381).JPG,N0,0,381,train
Images/N75 (381).JPG,N75 (381).JPG,N75,1,381,train
Images/NFull (381).JPG,NFull (381).JPG,NFull,2,381,train
Images/N0 (382).JPG,N0 (382).JPG,N0,0,382,train
Images/N75 (382).JPG,N75 (382).JPG,N75,1,382,train
Images/NFull (382).JPG,NFull (382).JPG,NFull,2,382,train
Images/N0 (384).JPG,N0 (384).JPG,N0,0,384,train
Images/N75 (384).JPG,N75 (384).JPG,N75,1,384,train
Images/NFull (384).JPG,NFull (384).JPG,NFull,2,384,train
Images/N0 (385).JPG,N0 (385).JPG,N0,0,385,train
Images/N75 (385).JPG,N75 (385).JPG,N75,1,385,train
Images/NFull (385).JPG,NFull (385).JPG,NFull,2,385,train
Images/N0 (386).JPG,N0 (386).JPG,N0,0,386,train
Images/N75 (386).JPG,N75 (386).JPG,N75,1,386,train
Images/NFull (386).JPG,NFull (386).JPG,NFull,2,386,train
Images/N0 (387).JPG,N0 (387).JPG,N0,0,387,train
Images/N75 (387).JPG,N75 (387).JPG,N75,1,387,train
Images/NFull (387).JPG,NFull (387).JPG,NFull,2,387,train
Images/N0 (388).JPG,N0 (388).JPG,N0,0,388,train
Images/N75 (388).JPG,N75 (388).JPG,N75,1,388,train
Images/NFull (388).JPG,NFull (388).JPG,NFull,2,388,train
Images/N0 (389).JPG,N0 (389).JPG,N0,0,389,train
Images/N75 (389).JPG,N75 (389).JPG,N75,1,389,train
Images/NFull (389).JPG,NFull (389).JPG,NFull,2,389,train
Images/N0 (390).JPG,N0 (390).JPG,N0,0,390,train
Images/N75 (390).JPG,N75 (390).JPG,N75,1,390,train
Images/NFull (390).JPG,NFull (390).JPG,NFull,2,390,train
Images/N0 (391).JPG,N0 (391).JPG,N0,0,391,train
Images/N75 (391).JPG,N75 (391).JPG,N75,1,391,train
Images/NFull (391).JPG,NFull (391).JPG,NFull,2,391,train
Images/N0 (394).JPG,N0 (394).JPG,N0,0,394,train
Images/N75 (394).JPG,N75 (394).JPG,N75,1,394,train
Images/NFull (394).JPG,NFull (394).JPG,NFull,2,394,train
Images/N0 (395).JPG,N0 (395).JPG,N0,0,395,train
Images/N75 (395).JPG,N75 (395).JPG,N75,1,395,train
Images/NFull (395).JPG,NFull (395).JPG,NFull,2,395,train
Images/N0 (396).JPG,N0 (396).JPG,N0,0,396,train
Images/N75 (396).JPG,N75 (396).JPG,N75,1,396,train
Images/NFull (396).JPG,NFull (396).JPG,NFull,2,396,train
Images/N0 (397).JPG,N0 (397).JPG,N0,0,397,train
Images/N75 (397).JPG,N75 (397).JPG,N75,1,397,train
Images/NFull (397).JPG,NFull (397).JPG,NFull,2,397,train
Images/N0 (398).JPG,N0 (398).JPG,N0,0,398,train
Images/N75 (398).JPG,N75 (398).JPG,N75,1,398,train
Images/NFull (398).JPG,NFull (398).JPG,NFull,2,398,train
Images/N0 (399).JPG,N0 (399).JPG,N0,0,399,train
Images/N75 (399).JPG,N75 (399).JPG,N75,1,399,train
Images/NFull (399).JPG,NFull (399).JPG,NFull,2,399,train
Images/N0 (3).JPG,N0 (3).JPG,N0,0,3,val
Images/N75 (3).JPG,N75 (3).JPG,N75,1,3,val
Images/NFull (3).JPG,NFull (3).JPG,NFull,2,3,val
Images/N0 (5).JPG,N0 (5).JPG,N0,0,5,val
Images/N75 (5).JPG,N75 (5).JPG,N75,1,5,val
Images/NFull (5).JPG,NFull (5).JPG,NFull,2,5,val
Images/N0 (10).JPG,N0 (10).JPG,N0,0,10,val
Images/N75 (10).JPG,N75 (10).JPG,N75,1,10,val
Images/NFull (10).JPG,NFull (10).JPG,NFull,2,10,val
Images/N0 (12).JPG,N0 (12).JPG,N0,0,12,val
Images/N75 (12).JPG,N75 (12).JPG,N75,1,12,val
Images/NFull (12).JPG,NFull (12).JPG,NFull,2,12,val
Images/N0 (24).JPG,N0 (24).JPG,N0,0,24,val
Images/N75 (24).JPG,N75 (24).JPG,N75,1,24,val
Images/NFull (24).JPG,NFull (24).JPG,NFull,2,24,val
Images/N0 (25).JPG,N0 (25).JPG,N0,0,25,val
Images/N75 (25).JPG,N75 (25).JPG,N75,1,25,val
Images/NFull (25).JPG,NFull (25).JPG,NFull,2,25,val
Images/N0 (26).JPG,N0 (26).JPG,N0,0,26,val
Images/N75 (26).JPG,N75 (26).JPG,N75,1,26,val
Images/NFull (26).JPG,NFull (26).JPG,NFull,2,26,val
Images/N0 (46).JPG,N0 (46).JPG,N0,0,46,val
Images/N75 (46).JPG,N75 (46).JPG,N75,1,46,val
Images/NFull (46).JPG,NFull (46).JPG,NFull,2,46,val
Images/N0 (49).JPG,N0 (49).JPG,N0,0,49,val
Images/N75 (49).JPG,N75 (49).JPG,N75,1,49,val
Images/NFull (49).JPG,NFull (49).JPG,NFull,2,49,val
Images/N0 (62).JPG,N0 (62).JPG,N0,0,62,val
Images/N75 (62).JPG,N75 (62).JPG,N75,1,62,val
Images/NFull (62).JPG,NFull (62).JPG,NFull,2,62,val
Images/N0 (65).JPG,N0 (65).JPG,N0,0,65,val
Images/N75 (65).JPG,N75 (65).JPG,N75,1,65,val
Images/NFull (65).JPG,NFull (65).JPG,NFull,2,65,val
Images/N0 (67).JPG,N0 (67).JPG,N0,0,67,val
Images/N75 (67).JPG,N75 (67).JPG,N75,1,67,val
Images/NFull (67).JPG,NFull (67).JPG,NFull,2,67,val
Images/N0 (68).JPG,N0 (68).JPG,N0,0,68,val
Images/N75 (68).JPG,N75 (68).JPG,N75,1,68,val
Images/NFull (68).JPG,NFull (68).JPG,NFull,2,68,val
Images/N0 (82).JPG,N0 (82).JPG,N0,0,82,val
Images/N75 (82).JPG,N75 (82).JPG,N75,1,82,val
Images/NFull (82).JPG,NFull (82).JPG,NFull,2,82,val
Images/N0 (86).JPG,N0 (86).JPG,N0,0,86,val
Images/N75 (86).JPG,N75 (86).JPG,N75,1,86,val
Images/NFull (86).JPG,NFull (86).JPG,NFull,2,86,val
Images/N0 (92).JPG,N0 (92).JPG,N0,0,92,val
Images/N75 (92).JPG,N75 (92).JPG,N75,1,92,val
Images/NFull (92).JPG,NFull (92).JPG,NFull,2,92,val
Images/N0 (93).JPG,N0 (93).JPG,N0,0,93,val
Images/N75 (93).JPG,N75 (93).JPG,N75,1,93,val
Images/NFull (93).JPG,NFull (93).JPG,NFull,2,93,val
Images/N0 (116).JPG,N0 (116).JPG,N0,0,116,val
Images/N75 (116).JPG,N75 (116).JPG,N75,1,116,val
Images/NFull (116).JPG,NFull (116).JPG,NFull,2,116,val
Images/N0 (124).JPG,N0 (124).JPG,N0,0,124,val
Images/N75 (124).JPG,N75 (124).JPG,N75,1,124,val
Images/NFull (124).JPG,NFull (124).JPG,NFull,2,124,val
Images/N0 (139).JPG,N0 (139).JPG,N0,0,139,val
Images/N75 (139).JPG,N75 (139).JPG,N75,1,139,val
Images/NFull (139).JPG,NFull (139).JPG,NFull,2,139,val
Images/N0 (151).JPG,N0 (151).JPG,N0,0,151,val
Images/N75 (151).JPG,N75 (151).JPG,N75,1,151,val
Images/NFull (151).JPG,NFull (151).JPG,NFull,2,151,val
Images/N0 (152).JPG,N0 (152).JPG,N0,0,152,val
Images/N75 (152).JPG,N75 (152).JPG,N75,1,152,val
Images/NFull (152).JPG,NFull (152).JPG,NFull,2,152,val
Images/N0 (174).JPG,N0 (174).JPG,N0,0,174,val
Images/N75 (174).JPG,N75 (174).JPG,N75,1,174,val
Images/NFull (174).JPG,NFull (174).JPG,NFull,2,174,val
Images/N0 (177).JPG,N0 (177).JPG,N0,0,177,val
Images/N75 (177).JPG,N75 (177).JPG,N75,1,177,val
Images/NFull (177).JPG,NFull (177).JPG,NFull,2,177,val
Images/N0 (189).JPG,N0 (189).JPG,N0,0,189,val
Images/N75 (189).JPG,N75 (189).JPG,N75,1,189,val
Images/NFull (189).JPG,NFull (189).JPG,NFull,2,189,val
Images/N0 (194).JPG,N0 (194).JPG,N0,0,194,val
Images/N75 (194).JPG,N75 (194).JPG,N75,1,194,val
Images/NFull (194).JPG,NFull (194).JPG,NFull,2,194,val
Images/N0 (222).JPG,N0 (222).JPG,N0,0,222,val
Images/N75 (222).JPG,N75 (222).JPG,N75,1,222,val
Images/NFull (222).JPG,NFull (222).JPG,NFull,2,222,val
Images/N0 (231).JPG,N0 (231).JPG,N0,0,231,val
Images/N75 (231).JPG,N75 (231).JPG,N75,1,231,val
Images/NFull (231).JPG,NFull (231).JPG,NFull,2,231,val
Images/N0 (233).JPG,N0 (233).JPG,N0,0,233,val
Images/N75 (233).JPG,N75 (233).JPG,N75,1,233,val
Images/NFull (233).JPG,NFull (233).JPG,NFull,2,233,val
Images/N0 (237).JPG,N0 (237).JPG,N0,0,237,val
Images/N75 (237).JPG,N75 (237).JPG,N75,1,237,val
Images/NFull (237).JPG,NFull (237).JPG,NFull,2,237,val
Images/N0 (245).JPG,N0 (245).JPG,N0,0,245,val
Images/N75 (245).JPG,N75 (245).JPG,N75,1,245,val
Images/NFull (245).JPG,NFull (245).JPG,NFull,2,245,val
Images/N0 (247).JPG,N0 (247).JPG,N0,0,247,val
Images/N75 (247).JPG,N75 (247).JPG,N75,1,247,val
Images/NFull (247).JPG,NFull (247).JPG,NFull,2,247,val
Images/N0 (248).JPG,N0 (248).JPG,N0,0,248,val
Images/N75 (248).JPG,N75 (248).JPG,N75,1,248,val
Images/NFull (248).JPG,NFull (248).JPG,NFull,2,248,val
Images/N0 (254).JPG,N0 (254).JPG,N0,0,254,val
Images/N75 (254).JPG,N75 (254).JPG,N75,1,254,val
Images/NFull (254).JPG,NFull (254).JPG,NFull,2,254,val
Images/N0 (256).JPG,N0 (256).JPG,N0,0,256,val
Images/N75 (256).JPG,N75 (256).JPG,N75,1,256,val
Images/NFull (256).JPG,NFull (256).JPG,NFull,2,256,val
Images/N0 (261).JPG,N0 (261).JPG,N0,0,261,val
Images/N75 (261).JPG,N75 (261).JPG,N75,1,261,val
Images/NFull (261).JPG,NFull (261).JPG,NFull,2,261,val
Images/N0 (266).JPG,N0 (266).JPG,N0,0,266,val
Images/N75 (266).JPG,N75 (266).JPG,N75,1,266,val
Images/NFull (266).JPG,NFull (266).JPG,NFull,2,266,val
Images/N0 (267).JPG,N0 (267).JPG,N0,0,267,val
Images/N75 (267).JPG,N75 (267).JPG,N75,1,267,val
Images/NFull (267).JPG,NFull (267).JPG,NFull,2,267,val
Images/N0 (271).JPG,N0 (271).JPG,N0,0,271,val
Images/N75 (271).JPG,N75 (271).JPG,N75,1,271,val
Images/NFull (271).JPG,NFull (271).JPG,NFull,2,271,val
Images/N0 (283).JPG,N0 (283).JPG,N0,0,283,val
Images/N75 (283).JPG,N75 (283).JPG,N75,1,283,val
Images/NFull (283).JPG,NFull (283).JPG,NFull,2,283,val
Images/N0 (289).JPG,N0 (289).JPG,N0,0,289,val
Images/N75 (289).JPG,N75 (289).JPG,N75,1,289,val
Images/NFull (289).JPG,NFull (289).JPG,NFull,2,289,val
Images/N0 (296).JPG,N0 (296).JPG,N0,0,296,val
Images/N75 (296).JPG,N75 (296).JPG,N75,1,296,val
Images/NFull (296).JPG,NFull (296).JPG,NFull,2,296,val
Images/N0 (297).JPG,N0 (297).JPG,N0,0,297,val
Images/N75 (297).JPG,N75 (297).JPG,N75,1,297,val
Images/NFull (297).JPG,NFull (297).JPG,NFull,2,297,val
Images/N0 (303).JPG,N0 (303).JPG,N0,0,303,val
Images/N75 (303).JPG,N75 (303).JPG,N75,1,303,val
Images/NFull (303).JPG,NFull (303).JPG,NFull,2,303,val
Images/N0 (312).JPG,N0 (312).JPG,N0,0,312,val
Images/N75 (312).JPG,N75 (312).JPG,N75,1,312,val
Images/NFull (312).JPG,NFull (312).JPG,NFull,2,312,val
Images/N0 (314).JPG,N0 (314).JPG,N0,0,314,val
Images/N75 (314).JPG,N75 (314).JPG,N75,1,314,val
Images/NFull (314).JPG,NFull (314).JPG,NFull,2,314,val
Images/N0 (316).JPG,N0 (316).JPG,N0,0,316,val
Images/N75 (316).JPG,N75 (316).JPG,N75,1,316,val
Images/NFull (316).JPG,NFull (316).JPG,NFull,2,316,val
Images/N0 (317).JPG,N0 (317).JPG,N0,0,317,val
Images/N75 (317).JPG,N75 (317).JPG,N75,1,317,val
Images/NFull (317).JPG,NFull (317).JPG,NFull,2,317,val
Images/N0 (324).JPG,N0 (324).JPG,N0,0,324,val
Images/N75 (324).JPG,N75 (324).JPG,N75,1,324,val
Images/NFull (324).JPG,NFull (324).JPG,NFull,2,324,val
Images/N0 (330).JPG,N0 (330).JPG,N0,0,330,val
Images/N75 (330).JPG,N75 (330).JPG,N75,1,330,val
Images/NFull (330).JPG,NFull (330).JPG,NFull,2,330,val
Images/N0 (331).JPG,N0 (331).JPG,N0,0,331,val
Images/N75 (331).JPG,N75 (331).JPG,N75,1,331,val
Images/NFull (331).JPG,NFull (331).JPG,NFull,2,331,val
Images/N0 (343).JPG,N0 (343).JPG,N0,0,343,val
Images/N75 (343).JPG,N75 (343).JPG,N75,1,343,val
Images/NFull (343).JPG,NFull (343).JPG,NFull,2,343,val
Images/N0 (344).JPG,N0 (344).JPG,N0,0,344,val
Images/N75 (344).JPG,N75 (344).JPG,N75,1,344,val
Images/NFull (344).JPG,NFull (344).JPG,NFull,2,344,val
Images/N0 (347).JPG,N0 (347).JPG,N0,0,347,val
Images/N75 (347).JPG,N75 (347).JPG,N75,1,347,val
Images/NFull (347).JPG,NFull (347).JPG,NFull,2,347,val
Images/N0 (349).JPG,N0 (349).JPG,N0,0,349,val
Images/N75 (349).JPG,N75 (349).JPG,N75,1,349,val
Images/NFull (349).JPG,NFull (349).JPG,NFull,2,349,val
Images/N0 (360).JPG,N0 (360).JPG,N0,0,360,val
Images/N75 (360).JPG,N75 (360).JPG,N75,1,360,val
Images/NFull (360).JPG,NFull (360).JPG,NFull,2,360,val
Images/N0 (367).JPG,N0 (367).JPG,N0,0,367,val
Images/N75 (367).JPG,N75 (367).JPG,N75,1,367,val
Images/NFull (367).JPG,NFull (367).JPG,NFull,2,367,val
Images/N0 (374).JPG,N0 (374).JPG,N0,0,374,val
Images/N75 (374).JPG,N75 (374).JPG,N75,1,374,val
Images/NFull (374).JPG,NFull (374).JPG,NFull,2,374,val
Images/N0 (378).JPG,N0 (378).JPG,N0,0,378,val
Images/N75 (378).JPG,N75 (378).JPG,N75,1,378,val
Images/NFull (378).JPG,NFull (378).JPG,NFull,2,378,val
Images/N0 (400).JPG,N0 (400).JPG,N0,0,400,val
Images/N75 (400).JPG,N75 (400).JPG,N75,1,400,val
Images/NFull (400).JPG,NFull (400).JPG,NFull,2,400,val
Images/N0 (17).JPG,N0 (17).JPG,N0,0,17,test
Images/N75 (17).JPG,N75 (17).JPG,N75,1,17,test
Images/NFull (17).JPG,NFull (17).JPG,NFull,2,17,test
Images/N0 (20).JPG,N0 (20).JPG,N0,0,20,test
Images/N75 (20).JPG,N75 (20).JPG,N75,1,20,test
Images/NFull (20).JPG,NFull (20).JPG,NFull,2,20,test
Images/N0 (21).JPG,N0 (21).JPG,N0,0,21,test
Images/N75 (21).JPG,N75 (21).JPG,N75,1,21,test
Images/NFull (21).JPG,NFull (21).JPG,NFull,2,21,test
Images/N0 (23).JPG,N0 (23).JPG,N0,0,23,test
Images/N75 (23).JPG,N75 (23).JPG,N75,1,23,test
Images/NFull (23).JPG,NFull (23).JPG,NFull,2,23,test
Images/N0 (33).JPG,N0 (33).JPG,N0,0,33,test
Images/N75 (33).JPG,N75 (33).JPG,N75,1,33,test
Images/NFull (33).JPG,NFull (33).JPG,NFull,2,33,test
Images/N0 (36).JPG,N0 (36).JPG,N0,0,36,test
Images/N75 (36).JPG,N75 (36).JPG,N75,1,36,test
Images/NFull (36).JPG,NFull (36).JPG,NFull,2,36,test
Images/N0 (40).JPG,N0 (40).JPG,N0,0,40,test
Images/N75 (40).JPG,N75 (40).JPG,N75,1,40,test
Images/NFull (40).JPG,NFull (40).JPG,NFull,2,40,test
Images/N0 (42).JPG,N0 (42).JPG,N0,0,42,test
Images/N75 (42).JPG,N75 (42).JPG,N75,1,42,test
Images/NFull (42).JPG,NFull (42).JPG,NFull,2,42,test
Images/N0 (43).JPG,N0 (43).JPG,N0,0,43,test
Images/N75 (43).JPG,N75 (43).JPG,N75,1,43,test
Images/NFull (43).JPG,NFull (43).JPG,NFull,2,43,test
Images/N0 (45).JPG,N0 (45).JPG,N0,0,45,test
Images/N75 (45).JPG,N75 (45).JPG,N75,1,45,test
Images/NFull (45).JPG,NFull (45).JPG,NFull,2,45,test
Images/N0 (50).JPG,N0 (50).JPG,N0,0,50,test
Images/N75 (50).JPG,N75 (50).JPG,N75,1,50,test
Images/NFull (50).JPG,NFull (50).JPG,NFull,2,50,test
Images/N0 (57).JPG,N0 (57).JPG,N0,0,57,test
Images/N75 (57).JPG,N75 (57).JPG,N75,1,57,test
Images/NFull (57).JPG,NFull (57).JPG,NFull,2,57,test
Images/N0 (61).JPG,N0 (61).JPG,N0,0,61,test
Images/N75 (61).JPG,N75 (61).JPG,N75,1,61,test
Images/NFull (61).JPG,NFull (61).JPG,NFull,2,61,test
Images/N0 (74).JPG,N0 (74).JPG,N0,0,74,test
Images/N75 (74).JPG,N75 (74).JPG,N75,1,74,test
Images/NFull (74).JPG,NFull (74).JPG,NFull,2,74,test
Images/N0 (75).JPG,N0 (75).JPG,N0,0,75,test
Images/N75 (75).JPG,N75 (75).JPG,N75,1,75,test
Images/NFull (75).JPG,NFull (75).JPG,NFull,2,75,test
Images/N0 (76).JPG,N0 (76).JPG,N0,0,76,test
Images/N75 (76).JPG,N75 (76).JPG,N75,1,76,test
Images/NFull (76).JPG,NFull (76).JPG,NFull,2,76,test
Images/N0 (81).JPG,N0 (81).JPG,N0,0,81,test
Images/N75 (81).JPG,N75 (81).JPG,N75,1,81,test
Images/NFull (81).JPG,NFull (81).JPG,NFull,2,81,test
Images/N0 (83).JPG,N0 (83).JPG,N0,0,83,test
Images/N75 (83).JPG,N75 (83).JPG,N75,1,83,test
Images/NFull (83).JPG,NFull (83).JPG,NFull,2,83,test
Images/N0 (84).JPG,N0 (84).JPG,N0,0,84,test
Images/N75 (84).JPG,N75 (84).JPG,N75,1,84,test
Images/NFull (84).JPG,NFull (84).JPG,NFull,2,84,test
Images/N0 (85).JPG,N0 (85).JPG,N0,0,85,test
Images/N75 (85).JPG,N75 (85).JPG,N75,1,85,test
Images/NFull (85).JPG,NFull (85).JPG,NFull,2,85,test
Images/N0 (91).JPG,N0 (91).JPG,N0,0,91,test
Images/N75 (91).JPG,N75 (91).JPG,N75,1,91,test
Images/NFull (91).JPG,NFull (91).JPG,NFull,2,91,test
Images/N0 (101).JPG,N0 (101).JPG,N0,0,101,test
Images/N75 (101).JPG,N75 (101).JPG,N75,1,101,test
Images/NFull (101).JPG,NFull (101).JPG,NFull,2,101,test
Images/N0 (119).JPG,N0 (119).JPG,N0,0,119,test
Images/N75 (119).JPG,N75 (119).JPG,N75,1,119,test
Images/NFull (119).JPG,NFull (119).JPG,NFull,2,119,test
Images/N0 (123).JPG,N0 (123).JPG,N0,0,123,test
Images/N75 (123).JPG,N75 (123).JPG,N75,1,123,test
Images/NFull (123).JPG,NFull (123).JPG,NFull,2,123,test
Images/N0 (131).JPG,N0 (131).JPG,N0,0,131,test
Images/N75 (131).JPG,N75 (131).JPG,N75,1,131,test
Images/NFull (131).JPG,NFull (131).JPG,NFull,2,131,test
Images/N0 (132).JPG,N0 (132).JPG,N0,0,132,test
Images/N75 (132).JPG,N75 (132).JPG,N75,1,132,test
Images/NFull (132).JPG,NFull (132).JPG,NFull,2,132,test
Images/N0 (148).JPG,N0 (148).JPG,N0,0,148,test
Images/N75 (148).JPG,N75 (148).JPG,N75,1,148,test
Images/NFull (148).JPG,NFull (148).JPG,NFull,2,148,test
Images/N0 (155).JPG,N0 (155).JPG,N0,0,155,test
Images/N75 (155).JPG,N75 (155).JPG,N75,1,155,test
Images/NFull (155).JPG,NFull (155).JPG,NFull,2,155,test
Images/N0 (158).JPG,N0 (158).JPG,N0,0,158,test
Images/N75 (158).JPG,N75 (158).JPG,N75,1,158,test
Images/NFull (158).JPG,NFull (158).JPG,NFull,2,158,test
Images/N0 (171).JPG,N0 (171).JPG,N0,0,171,test
Images/N75 (171).JPG,N75 (171).JPG,N75,1,171,test
Images/NFull (171).JPG,NFull (171).JPG,NFull,2,171,test
Images/N0 (172).JPG,N0 (172).JPG,N0,0,172,test
Images/N75 (172).JPG,N75 (172).JPG,N75,1,172,test
Images/NFull (172).JPG,NFull (172).JPG,NFull,2,172,test
Images/N0 (175).JPG,N0 (175).JPG,N0,0,175,test
Images/N75 (175).JPG,N75 (175).JPG,N75,1,175,test
Images/NFull (175).JPG,NFull (175).JPG,NFull,2,175,test
Images/N0 (182).JPG,N0 (182).JPG,N0,0,182,test
Images/N75 (182).JPG,N75 (182).JPG,N75,1,182,test
Images/NFull (182).JPG,NFull (182).JPG,NFull,2,182,test
Images/N0 (198).JPG,N0 (198).JPG,N0,0,198,test
Images/N75 (198).JPG,N75 (198).JPG,N75,1,198,test
Images/NFull (198).JPG,NFull (198).JPG,NFull,2,198,test
Images/N0 (203).JPG,N0 (203).JPG,N0,0,203,test
Images/N75 (203).JPG,N75 (203).JPG,N75,1,203,test
Images/NFull (203).JPG,NFull (203).JPG,NFull,2,203,test
Images/N0 (204).JPG,N0 (204).JPG,N0,0,204,test
Images/N75 (204).JPG,N75 (204).JPG,N75,1,204,test
Images/NFull (204).JPG,NFull (204).JPG,NFull,2,204,test
Images/N0 (205).JPG,N0 (205).JPG,N0,0,205,test
Images/N75 (205).JPG,N75 (205).JPG,N75,1,205,test
Images/NFull (205).JPG,NFull (205).JPG,NFull,2,205,test
Images/N0 (214).JPG,N0 (214).JPG,N0,0,214,test
Images/N75 (214).JPG,N75 (214).JPG,N75,1,214,test
Images/NFull (214).JPG,NFull (214).JPG,NFull,2,214,test
Images/N0 (217).JPG,N0 (217).JPG,N0,0,217,test
Images/N75 (217).JPG,N75 (217).JPG,N75,1,217,test
Images/NFull (217).JPG,NFull (217).JPG,NFull,2,217,test
Images/N0 (227).JPG,N0 (227).JPG,N0,0,227,test
Images/N75 (227).JPG,N75 (227).JPG,N75,1,227,test
Images/NFull (227).JPG,NFull (227).JPG,NFull,2,227,test
Images/N0 (235).JPG,N0 (235).JPG,N0,0,235,test
Images/N75 (235).JPG,N75 (235).JPG,N75,1,235,test
Images/NFull (235).JPG,NFull (235).JPG,NFull,2,235,test
Images/N0 (242).JPG,N0 (242).JPG,N0,0,242,test
Images/N75 (242).JPG,N75 (242).JPG,N75,1,242,test
Images/NFull (242).JPG,NFull (242).JPG,NFull,2,242,test
Images/N0 (246).JPG,N0 (246).JPG,N0,0,246,test
Images/N75 (246).JPG,N75 (246).JPG,N75,1,246,test
Images/NFull (246).JPG,NFull (246).JPG,NFull,2,246,test
Images/N0 (272).JPG,N0 (272).JPG,N0,0,272,test
Images/N75 (272).JPG,N75 (272).JPG,N75,1,272,test
Images/NFull (272).JPG,NFull (272).JPG,NFull,2,272,test
Images/N0 (280).JPG,N0 (280).JPG,N0,0,280,test
Images/N75 (280).JPG,N75 (280).JPG,N75,1,280,test
Images/NFull (280).JPG,NFull (280).JPG,NFull,2,280,test
Images/N0 (281).JPG,N0 (281).JPG,N0,0,281,test
Images/N75 (281).JPG,N75 (281).JPG,N75,1,281,test
Images/NFull (281).JPG,NFull (281).JPG,NFull,2,281,test
Images/N0 (304).JPG,N0 (304).JPG,N0,0,304,test
Images/N75 (304).JPG,N75 (304).JPG,N75,1,304,test
Images/NFull (304).JPG,NFull (304).JPG,NFull,2,304,test
Images/N0 (311).JPG,N0 (311).JPG,N0,0,311,test
Images/N75 (311).JPG,N75 (311).JPG,N75,1,311,test
Images/NFull (311).JPG,NFull (311).JPG,NFull,2,311,test
Images/N0 (315).JPG,N0 (315).JPG,N0,0,315,test
Images/N75 (315).JPG,N75 (315).JPG,N75,1,315,test
Images/NFull (315).JPG,NFull (315).JPG,NFull,2,315,test
Images/N0 (322).JPG,N0 (322).JPG,N0,0,322,test
Images/N75 (322).JPG,N75 (322).JPG,N75,1,322,test
Images/NFull (322).JPG,NFull (322).JPG,NFull,2,322,test
Images/N0 (339).JPG,N0 (339).JPG,N0,0,339,test
Images/N75 (339).JPG,N75 (339).JPG,N75,1,339,test
Images/NFull (339).JPG,NFull (339).JPG,NFull,2,339,test
Images/N0 (340).JPG,N0 (340).JPG,N0,0,340,test
Images/N75 (340).JPG,N75 (340).JPG,N75,1,340,test
Images/NFull (340).JPG,NFull (340).JPG,NFull,2,340,test
Images/N0 (350).JPG,N0 (350).JPG,N0,0,350,test
Images/N75 (350).JPG,N75 (350).JPG,N75,1,350,test
Images/NFull (350).JPG,NFull (350).JPG,NFull,2,350,test
Images/N0 (355).JPG,N0 (355).JPG,N0,0,355,test
Images/N75 (355).JPG,N75 (355).JPG,N75,1,355,test
Images/NFull (355).JPG,NFull (355).JPG,NFull,2,355,test
Images/N0 (359).JPG,N0 (359).JPG,N0,0,359,test
Images/N75 (359).JPG,N75 (359).JPG,N75,1,359,test
Images/NFull (359).JPG,NFull (359).JPG,NFull,2,359,test
Images/N0 (362).JPG,N0 (362).JPG,N0,0,362,test
Images/N75 (362).JPG,N75 (362).JPG,N75,1,362,test
Images/NFull (362).JPG,NFull (362).JPG,NFull,2,362,test
Images/N0 (379).JPG,N0 (379).JPG,N0,0,379,test
Images/N75 (379).JPG,N75 (379).JPG,N75,1,379,test
Images/NFull (379).JPG,NFull (379).JPG,NFull,2,379,test
Images/N0 (383).JPG,N0 (383).JPG,N0,0,383,test
Images/N75 (383).JPG,N75 (383).JPG,N75,1,383,test
Images/NFull (383).JPG,NFull (383).JPG,NFull,2,383,test
Images/N0 (392).JPG,N0 (392).JPG,N0,0,392,test
Images/N75 (392).JPG,N75 (392).JPG,N75,1,392,test
Images/NFull (392).JPG,NFull (392).JPG,NFull,2,392,test
Images/N0 (393).JPG,N0 (393).JPG,N0,0,393,test
Images/N75 (393).JPG,N75 (393).JPG,N75,1,393,test
Images/NFull (393).JPG,NFull (393).JPG,NFull,2,393,test
